http://ipfs.io/ipfs/bafybeiglh5obujtufy4bciz4tkzrnnbmw6wgfwxaabwonhpmmbptj66uo4/getrrry.htm,url,length_url,length_hostname,ip,nb_dots,nb_hyphens,nb_at,nb_qm,nb_and,nb_or,nb_eq,nb_underscore,nb_tilde,nb_percent,nb_slash,nb_star,nb_colon,nb_comma,nb_semicolon,nb_dollar,nb_space,nb_www,nb_com,nb_dslash,http_in_path,https_token,ratio_digits_url,ratio_digits_host,punycode,port,tld_in_path,tld_in_subdomain,abnormal_subdomain,nb_subdomains,prefix_suffix,shortening_service,path_extension,nb_redirection,nb_external_redirection,length_words_raw,char_repeat,shortest_words_raw,shortest_word_host,shortest_word_path,longest_words_raw,longest_word_host,longest_word_path,avg_words_raw,avg_word_host,avg_word_path,phish_hints,domain_in_brand,brand_in_subdomain,brand_in_path,suspecious_tld,statistical_report,nb_hyperlinks,ratio_intHyperlinks,ratio_extHyperlinks,nb_extCSS,ratio_intRedirection,ratio_extRedirection,ratio_extErrors,login_form,external_favicon,links_in_tags,submit_email,ratio_intMedia,ratio_extMedia,iframe,popup_window,safe_anchor,empty_title,domain_in_title,domain_with_copyright,whois_registered_domain,domain_registration_length,domain_age,dns_record,google_index,page_rank,rank,domainEnd
https://soundar-2704.github.io/kalaiNetflix/,,,,,,,,,,,,,,,,,,,,,,,,,,,,,,,,,,,,,,,,,,,,,,,,,,,,,,,,,,,,,,,,,,,,,,,,,,,,,,,,,,,
,https://otf-109515.weeblysite.com/,,,,,,,,,,,,,,,,,,,,,,,,,,,,,,,,,,,,,,,,,,,,,,,,,,,,,,,,,,,,,,,,,,,,,,,,,,,,,,,,,,
,https://currently-att-10-28-2024.weeblysite.com/,,,,,,,,,,,,,,,,,,,,,,,,,,,,,,,,,,,,,,,,,,,,,,,,,,,,,,,,,,,,,,,,,,,,,,,,,,,,,,,,,,
,http://tiktok198.com/,21.0,13.0,0.0,1.0,0.0,0.0,0.0,0.0,0.0,0.0,0.0,0.0,0.0,3.0,0.0,1.0,0.0,0.0,0.0,0.0,0.0,0.0,0.0,0.0,1.0,3.0,0.23076923076923078,0.0,0.0,0.0,0.0,0.0,1.0,0.0,0.0,0.0,1.0,0.0,1.0,0.0,9.0,9.0,0.0,9.0,9.0,0.0,9.0,9.0,0.0,0.0,0.0,0.0,0.0,0.0,0.0,177.0,1.0,0.0,0.0,1.0,0.0,0.0,0.0,0.0,100.0,0.0,0.0,0.0,0.0,0.0,0.0,1.0,1.0,0.0,0.0,349.0,0.0,0.0,1.0,0.0,0,1.0
,http://attmailuserr.square.site/,,,,,,,,,,,,,,,,,,,,,,,,,,,,,,,,,,,,,,,,,,,,,,,,,,,,,,,,,,,,,,,,,,,,,,,,,,,,,,,,,,
,https://ebi-neon.vercel.app/intest.html/,40.0,19.0,0.0,3.0,1.0,0.0,0.0,0.0,0.0,0.0,0.0,0.0,0.0,4.0,0.0,1.0,0.0,0.0,0.0,0.0,0.0,0.0,0.0,0.0,0.0,0.0,0.0,0.0,0.0,0.0,0.0,0.0,3.0,1.0,0.0,0.0,0.0,0.0,5.0,0.0,3.0,3.0,4.0,6.0,6.0,6.0,4.6,4.333333333333333,5.0,0.0,0.0,0.0,0.0,0.0,0.0,25.0,1.0,0.0,0.0,1.0,0.0,0.0,0.0,0.0,100.0,0.0,100.0,0.0,0.0,0.0,0.0,0.0,1.0,0.0,0.0,79.0,0.0,0.0,0.0,5.0,366275,0.0
,https://pub-893d93a9b0cc4c4fa2ea4a49588ba162.r2.dev/index.html,62.0,43.0,1.0,3.0,1.0,0.0,0.0,0.0,0.0,0.0,0.0,0.0,0.0,3.0,0.0,1.0,0.0,0.0,0.0,0.0,0.0,0.0,0.0,0.0,0.0,20.0,0.46511627906976744,0.0,0.0,0.0,0.0,0.0,3.0,1.0,0.0,0.0,0.0,0.0,5.0,2.0,2.0,2.0,4.0,32.0,32.0,5.0,9.2,12.333333333333334,4.5,0.0,0.0,0.0,0.0,0.0,0.0,107.0,0.07476635514018691,0.9252336448598131,0.0,0.0,1.0,0.0,0.0,1.0,50.0,0.0,0.0,100.0,0.0,0.0,100.0,0.0,1.0,1.0,0.0,286.0,0.0,0.0,0.0,3.0,12515107,1.0
,https://boroplus.github.io/Netflix_Clone_frontend/,50.0,18.0,0.0,2.0,0.0,0.0,0.0,0.0,0.0,0.0,2.0,0.0,0.0,4.0,0.0,1.0,0.0,0.0,0.0,0.0,0.0,0.0,0.0,0.0,0.0,0.0,0.0,0.0,0.0,0.0,0.0,0.0,2.0,0.0,0.0,0.0,0.0,0.0,5.0,0.0,5.0,6.0,5.0,8.0,8.0,8.0,6.8,7.0,6.666666666666667,0.0,0.0,0.0,0.0,0.0,0.0,27.0,0.8518518518518519,0.14814814814814814,0.0,1.0,1.0,0.0,0.0,0.0,100.0,0.0,20.0,80.0,0.0,0.0,0.0,0.0,1.0,0.0,0.0,118.0,0.0,0.0,1.0,5.0,55081,0.0
,https://soluve.github.io/Netflix_Landing_Page/,46.0,16.0,0.0,2.0,0.0,0.0,0.0,0.0,0.0,0.0,2.0,0.0,0.0,4.0,0.0,1.0,0.0,0.0,0.0,0.0,0.0,0.0,0.0,0.0,0.0,0.0,0.0,0.0,0.0,0.0,0.0,0.0,2.0,0.0,0.0,0.0,0.0,0.0,5.0,0.0,4.0,6.0,4.0,7.0,6.0,7.0,6.0,6.0,6.0,0.0,0.0,0.0,0.0,0.0,0.0,32.0,0.78125,0.21875,1.0,1.0,0.42857142857142855,0.5714285714285714,0.0,1.0,25.0,0.0,100.0,0.0,0.0,0.0,0.0,0.0,1.0,0.0,0.0,118.0,0.0,0.0,0.0,5.0,55081,0.0
,https://pub-3e97c4b1f54a4412bbdc4ba4f8fbb913.r2.dev/OWA-index.html,,,,,,,,,,,,,,,,,,,,,,,,,,,,,,,,,,,,,,,,,,,,,,,,,,,,,,,,,,,,,,,,,,,,,,,,,,,,,,,,,,
,https://ourtime-sign.secure-datings.workers.dev/,48.0,39.0,0.0,3.0,2.0,0.0,0.0,0.0,0.0,0.0,0.0,0.0,0.0,3.0,0.0,1.0,0.0,0.0,0.0,0.0,0.0,0.0,0.0,0.0,0.0,0.0,0.0,0.0,0.0,0.0,0.0,0.0,3.0,0.0,0.0,0.0,0.0,0.0,5.0,0.0,4.0,4.0,0.0,7.0,7.0,0.0,6.2,6.2,0.0,0.0,0.0,0.0,0.0,0.0,0.0,0.0,0.0,0.0,0.0,0.0,0.0,0.0,0.0,0.0,0.0,0.0,0.0,0.0,0.0,0.0,0.0,1.0,1.0,0.0,0.0,455.0,0.0,0.0,0.0,5.0,348996,1.0
,https://crownjul-dreasm-7206.olinltjsacnrai.workers.dev/063aa804-0b45-4668-ad7e-830bb460321c,92.0,47.0,1.0,3.0,6.0,0.0,0.0,0.0,0.0,0.0,0.0,0.0,0.0,3.0,0.0,1.0,0.0,0.0,0.0,0.0,0.0,0.0,0.0,0.0,0.0,27.0,0.0851063829787234,0.0,0.0,0.0,0.0,0.0,3.0,0.0,0.0,0.0,0.0,0.0,10.0,3.0,4.0,4.0,4.0,14.0,14.0,12.0,7.1,7.8,6.4,1.0,0.0,0.0,0.0,0.0,0.0,0.0,0.0,0.0,0.0,0.0,0.0,0.0,0.0,0.0,0.0,0.0,0.0,0.0,0.0,0.0,0.0,1.0,1.0,0.0,0.0,455.0,0.0,0.0,0.0,5.0,348996,1.0
,https://pub-97f88e9df3614850a27c1a353a9b26e5.r2.dev/auth_gen.html?folder=o6fphy8lnj,83.0,43.0,1.0,3.0,1.0,0.0,1.0,0.0,0.0,1.0,1.0,0.0,0.0,3.0,0.0,1.0,0.0,0.0,0.0,0.0,0.0,0.0,0.0,0.0,0.0,25.0,0.5348837209302325,0.0,0.0,0.0,0.0,0.0,3.0,1.0,0.0,0.0,0.0,0.0,8.0,1.0,2.0,2.0,3.0,32.0,32.0,10.0,8.0,12.333333333333334,5.4,0.0,0.0,0.0,0.0,0.0,0.0,2.0,0.5,0.5,0.0,0.0,1.0,0.0,0.0,0.0,0.0,0.0,50.0,50.0,0.0,0.0,0.0,0.0,1.0,1.0,0.0,286.0,0.0,0.0,0.0,3.0,12515107,1.0
,http://recovery-dc.top/login,,,,,,,,,,,,,,,,,,,,,,,,,,,,,,,,,,,,,,,,,,,,,,,,,,,,,,,,,,,,,,,,,,,,,,,,,,,,,,,,,,
,https://www.help.lidarusa.com/zaqs/Bpostale2022/Bpostale2022/d8e2cfc7481d357/login.html,,,,,,,,,,,,,,,,,,,,,,,,,,,,,,,,,,,,,,,,,,,,,,,,,,,,,,,,,,,,,,,,,,,,,,,,,,,,,,,,,,
,https://pub-e78c5da8e4234830960030af86a7a53c.r2.dev/index.html,62.0,43.0,1.0,3.0,1.0,0.0,0.0,0.0,0.0,0.0,0.0,0.0,0.0,3.0,0.0,1.0,0.0,0.0,0.0,0.0,0.0,0.0,0.0,0.0,0.0,23.0,0.5348837209302325,0.0,0.0,0.0,0.0,0.0,3.0,1.0,0.0,0.0,0.0,0.0,5.0,1.0,2.0,2.0,4.0,32.0,32.0,5.0,9.2,12.333333333333334,4.5,0.0,0.0,0.0,0.0,0.0,0.0,107.0,0.07476635514018691,0.9252336448598131,0.0,0.0,1.0,0.0,0.0,1.0,50.0,0.0,0.0,100.0,0.0,0.0,100.0,0.0,1.0,1.0,0.0,286.0,0.0,0.0,0.0,3.0,12515107,1.0
,https://pub-a5ffd81d07914274b864dab0a161ef3d.r2.dev/index2.htm,62.0,43.0,1.0,3.0,1.0,0.0,0.0,0.0,0.0,0.0,0.0,0.0,0.0,3.0,0.0,1.0,0.0,0.0,0.0,0.0,0.0,0.0,0.0,0.0,0.0,21.0,0.46511627906976744,0.0,0.0,0.0,0.0,0.0,3.0,1.0,0.0,0.0,0.0,0.0,5.0,1.0,2.0,2.0,3.0,32.0,32.0,6.0,9.2,12.333333333333334,4.5,0.0,0.0,0.0,0.0,0.0,0.0,16.0,0.0625,0.9375,1.0,0.0,1.0,0.0,0.0,1.0,0.0,0.0,0.0,100.0,0.0,0.0,0.0,0.0,1.0,0.0,0.0,286.0,0.0,0.0,0.0,3.0,12515107,1.0
,https://tsr1012.github.io/NetflixUI-Clone/,42.0,17.0,0.0,2.0,1.0,0.0,0.0,0.0,0.0,0.0,0.0,0.0,0.0,4.0,0.0,1.0,0.0,0.0,0.0,0.0,0.0,0.0,0.0,0.0,0.0,4.0,0.23529411764705882,0.0,0.0,0.0,0.0,0.0,2.0,1.0,0.0,0.0,0.0,0.0,4.0,0.0,5.0,6.0,5.0,9.0,7.0,9.0,6.75,6.5,7.0,0.0,0.0,0.0,0.0,0.0,0.0,47.0,1.0,0.0,0.0,1.0,0.0,0.0,0.0,0.0,100.0,0.0,100.0,0.0,0.0,0.0,100.0,0.0,1.0,0.0,0.0,118.0,0.0,0.0,0.0,5.0,55081,0.0
,https://nikhiltelase.github.io/netflix-web-page.github.io/,58.0,22.0,0.0,4.0,2.0,0.0,0.0,0.0,0.0,0.0,0.0,0.0,0.0,4.0,0.0,1.0,0.0,0.0,0.0,0.0,0.0,0.0,0.0,0.0,0.0,0.0,0.0,0.0,0.0,1.0,0.0,0.0,3.0,0.0,0.0,0.0,0.0,0.0,7.0,0.0,2.0,6.0,2.0,12.0,12.0,7.0,5.714285714285714,9.0,4.4,0.0,0.0,0.0,0.0,0.0,0.0,28.0,0.8928571428571429,0.10714285714285714,1.0,1.0,1.0,0.0,0.0,1.0,66.66666666666666,0.0,100.0,0.0,0.0,0.0,0.0,0.0,1.0,0.0,0.0,118.0,0.0,0.0,0.0,5.0,55081,0.0
,https://bantuann.layanan-danaid.top/,36.0,27.0,0.0,2.0,1.0,0.0,0.0,0.0,0.0,0.0,0.0,0.0,0.0,3.0,0.0,1.0,0.0,0.0,0.0,0.0,0.0,0.0,0.0,0.0,0.0,0.0,0.0,0.0,0.0,0.0,0.0,0.0,2.0,1.0,0.0,0.0,0.0,0.0,3.0,1.0,6.0,6.0,0.0,8.0,8.0,0.0,7.0,7.0,0.0,0.0,0.0,0.0,0.0,1.0,2.0,27.0,1.0,0.0,0.0,1.0,0.0,0.0,0.0,0.0,100.0,0.0,100.0,0.0,0.0,0.0,0.0,0.0,1.0,0.0,0.0,305.0,0.0,0.0,0.0,0.0,0,1.0
,https://mayursingh9111.github.io/CSS1HW/,40.0,24.0,0.0,2.0,0.0,0.0,0.0,0.0,0.0,0.0,0.0,0.0,0.0,4.0,0.0,1.0,0.0,0.0,0.0,0.0,0.0,0.0,0.0,0.0,0.0,5.0,0.16666666666666666,0.0,0.0,0.0,0.0,0.0,2.0,0.0,0.0,0.0,0.0,0.0,3.0,4.0,6.0,6.0,6.0,14.0,14.0,6.0,8.666666666666666,10.0,6.0,1.0,0.0,0.0,0.0,0.0,0.0,4.0,0.75,0.25,0.0,0.0,1.0,0.0,0.0,0.0,100.0,0.0,0.0,100.0,0.0,0.0,0.0,0.0,1.0,0.0,0.0,118.0,0.0,0.0,0.0,5.0,55081,0.0
,https://cn26036.tw1.ru/,,,,,,,,,,,,,,,,,,,,,,,,,,,,,,,,,,,,,,,,,,,,,,,,,,,,,,,,,,,,,,,,,,,,,,,,,,,,,,,,,,
,http://source-y5q.top/login,,,,,,,,,,,,,,,,,,,,,,,,,,,,,,,,,,,,,,,,,,,,,,,,,,,,,,,,,,,,,,,,,,,,,,,,,,,,,,,,,,
,https://chattts-49f1.beszyrecala.workers.dev/d588709f-57dd-4b10-9a8e-416=,73.0,36.0,1.0,3.0,5.0,0.0,0.0,0.0,0.0,1.0,0.0,0.0,0.0,3.0,0.0,1.0,0.0,0.0,0.0,0.0,0.0,0.0,0.0,0.0,0.0,19.0,0.08333333333333333,0.0,0.0,0.0,0.0,0.0,3.0,1.0,0.0,0.0,0.0,0.0,9.0,5.0,3.0,4.0,3.0,11.0,11.0,8.0,5.777777777777778,7.25,4.6,0.0,0.0,0.0,0.0,0.0,0.0,0.0,0.0,0.0,0.0,0.0,0.0,0.0,0.0,0.0,0.0,0.0,0.0,0.0,0.0,0.0,0.0,1.0,1.0,0.0,0.0,455.0,0.0,0.0,0.0,5.0,348996,1.0
,http://fanpage.supportmonitoringcheck.com/,42.0,34.0,0.0,2.0,0.0,0.0,0.0,0.0,0.0,0.0,0.0,0.0,0.0,3.0,0.0,1.0,0.0,0.0,0.0,0.0,0.0,0.0,0.0,0.0,1.0,0.0,0.0,0.0,0.0,0.0,0.0,0.0,2.0,0.0,0.0,0.0,0.0,0.0,2.0,1.0,7.0,7.0,0.0,22.0,22.0,0.0,14.5,14.5,0.0,0.0,0.0,0.0,0.0,0.0,0.0,13.0,0.3076923076923077,0.6923076923076923,2.0,1.0,1.0,0.0,0.0,1.0,40.0,0.0,0.0,0.0,0.0,0.0,0.0,0.0,1.0,0.0,0.0,351.0,0.0,0.0,0.0,0.0,0,1.0
,https://pub-997733a6993b41e3b3cfa23a4254fdc8.r2.dev/index.html,62.0,43.0,1.0,3.0,1.0,0.0,0.0,0.0,0.0,0.0,0.0,0.0,0.0,3.0,0.0,1.0,0.0,0.0,0.0,0.0,0.0,0.0,0.0,0.0,0.0,22.0,0.5116279069767442,0.0,0.0,0.0,0.0,0.0,3.0,1.0,0.0,0.0,0.0,0.0,5.0,4.0,2.0,2.0,4.0,32.0,32.0,5.0,9.2,12.333333333333334,4.5,0.0,0.0,0.0,0.0,0.0,0.0,107.0,0.07476635514018691,0.9252336448598131,0.0,0.0,1.0,0.0,0.0,1.0,50.0,0.0,0.0,100.0,0.0,0.0,100.0,0.0,1.0,1.0,0.0,286.0,0.0,0.0,0.0,3.0,12515107,1.0
,https://brunotovar93.github.io/netflix-homepage-mockup/,55.0,22.0,0.0,2.0,2.0,0.0,0.0,0.0,0.0,0.0,0.0,0.0,0.0,4.0,0.0,1.0,0.0,0.0,0.0,0.0,0.0,0.0,0.0,0.0,0.0,2.0,0.09090909090909091,0.0,0.0,0.0,0.0,0.0,2.0,0.0,0.0,0.0,0.0,0.0,5.0,0.0,6.0,6.0,6.0,12.0,12.0,8.0,7.8,9.0,7.0,0.0,0.0,0.0,0.0,0.0,0.0,4.0,1.0,0.0,0.0,0.0,0.0,0.0,0.0,0.0,100.0,0.0,100.0,0.0,0.0,0.0,0.0,0.0,1.0,0.0,0.0,118.0,0.0,0.0,0.0,5.0,55081,0.0
,https://pub-aa6e049d06064448bac810e815378414.r2.dev/index.html,62.0,43.0,1.0,3.0,1.0,0.0,0.0,0.0,0.0,0.0,0.0,0.0,0.0,3.0,0.0,1.0,0.0,0.0,0.0,0.0,0.0,0.0,0.0,0.0,0.0,25.0,0.5813953488372093,0.0,0.0,0.0,0.0,0.0,3.0,1.0,0.0,0.0,0.0,0.0,5.0,4.0,2.0,2.0,4.0,32.0,32.0,5.0,9.2,12.333333333333334,4.5,0.0,0.0,0.0,0.0,0.0,0.0,107.0,0.07476635514018691,0.9252336448598131,0.0,0.0,1.0,0.0,0.0,1.0,50.0,0.0,0.0,100.0,0.0,0.0,100.0,0.0,1.0,1.0,0.0,286.0,0.0,0.0,0.0,3.0,12515107,1.0
,https://tt-106591.weeblysite.com/,33.0,24.0,0.0,2.0,1.0,0.0,0.0,0.0,0.0,0.0,0.0,0.0,0.0,3.0,0.0,1.0,0.0,0.0,0.0,0.0,0.0,0.0,0.0,0.0,0.0,6.0,0.25,0.0,0.0,0.0,0.0,0.0,2.0,1.0,0.0,0.0,0.0,0.0,3.0,2.0,2.0,2.0,0.0,10.0,10.0,0.0,6.0,6.0,0.0,1.0,0.0,0.0,0.0,0.0,0.0,52.0,0.7884615384615384,0.21153846153846154,2.0,1.0,1.0,0.0,0.0,1.0,81.81818181818183,0.0,0.0,0.0,0.0,0.0,0.0,1.0,1.0,0.0,0.0,39.0,0.0,0.0,0.0,2.0,63971255,1.0
,https://cpanel12wh.bkk1.cloud.z.com/~cp318430/app/browser/account.php,69.0,27.0,0.0,5.0,0.0,0.0,0.0,0.0,0.0,0.0,0.0,1.0,0.0,6.0,0.0,1.0,0.0,0.0,0.0,0.0,0.0,0.0,0.0,0.0,0.0,9.0,0.1111111111111111,0.0,0.0,0.0,0.0,0.0,3.0,0.0,0.0,0.0,0.0,0.0,9.0,3.0,1.0,1.0,3.0,10.0,10.0,9.0,5.444444444444445,5.0,5.8,0.0,0.0,0.0,0.0,0.0,0.0,28.0,1.0,0.0,0.0,1.0,0.0,0.0,0.0,0.0,100.0,0.0,100.0,0.0,0.0,0.0,100.0,0.0,1.0,0.0,0.0,38.0,0.0,0.0,0.0,5.0,909552,0.0
,https://divyanshu2003445.github.io/Netflix-Website-Clone-Project/,65.0,26.0,1.0,2.0,3.0,0.0,0.0,0.0,0.0,0.0,0.0,0.0,0.0,4.0,0.0,1.0,0.0,0.0,0.0,0.0,0.0,0.0,0.0,0.0,0.0,7.0,0.2692307692307692,0.0,0.0,0.0,0.0,0.0,2.0,0.0,0.0,0.0,0.0,0.0,6.0,2.0,5.0,6.0,5.0,16.0,16.0,7.0,8.0,11.0,6.5,1.0,0.0,0.0,0.0,0.0,0.0,24.0,0.8333333333333334,0.16666666666666666,0.0,1.0,1.0,0.0,0.0,0.0,100.0,0.0,20.0,80.0,0.0,0.0,0.0,0.0,1.0,0.0,0.0,118.0,0.0,0.0,0.0,5.0,55081,0.0
,https://profile-ourtime.sambungiorot.workers.dev/v3/datingtips,62.0,40.0,0.0,3.0,1.0,0.0,0.0,0.0,0.0,0.0,0.0,0.0,0.0,4.0,0.0,1.0,0.0,0.0,0.0,0.0,0.0,0.0,0.0,0.0,0.0,1.0,0.0,0.0,0.0,0.0,0.0,0.0,3.0,1.0,0.0,0.0,0.0,0.0,6.0,0.0,2.0,7.0,2.0,12.0,12.0,10.0,7.5,8.25,6.0,0.0,0.0,0.0,0.0,0.0,0.0,0.0,0.0,0.0,0.0,0.0,0.0,0.0,0.0,0.0,0.0,0.0,0.0,0.0,0.0,0.0,0.0,1.0,1.0,0.0,0.0,455.0,0.0,0.0,0.0,5.0,348996,1.0
,https://pub-5537a9d77c064a0099b3040a09577445.r2.dev/index.html,62.0,43.0,1.0,3.0,1.0,0.0,0.0,0.0,0.0,0.0,0.0,0.0,0.0,3.0,0.0,1.0,0.0,0.0,0.0,0.0,0.0,0.0,0.0,0.0,0.0,27.0,0.627906976744186,0.0,0.0,0.0,0.0,0.0,3.0,1.0,0.0,0.0,0.0,0.0,5.0,6.0,2.0,2.0,4.0,32.0,32.0,5.0,9.2,12.333333333333334,4.5,0.0,0.0,0.0,0.0,0.0,0.0,107.0,0.07476635514018691,0.9252336448598131,0.0,0.0,1.0,0.0,0.0,1.0,50.0,0.0,0.0,100.0,0.0,0.0,100.0,0.0,1.0,1.0,0.0,286.0,0.0,0.0,0.0,3.0,12515107,1.0
,https://fasait.github.io/Netflix-Landing-Page-Clone/,52.0,16.0,0.0,2.0,3.0,0.0,0.0,0.0,0.0,0.0,0.0,0.0,0.0,4.0,0.0,1.0,0.0,0.0,0.0,0.0,0.0,0.0,0.0,0.0,0.0,0.0,0.0,0.0,0.0,0.0,0.0,0.0,2.0,0.0,0.0,0.0,0.0,0.0,6.0,0.0,4.0,6.0,4.0,7.0,6.0,7.0,5.833333333333333,6.0,5.75,0.0,0.0,0.0,0.0,0.0,0.0,35.0,0.7714285714285715,0.22857142857142856,1.0,1.0,1.0,0.0,0.0,1.0,75.0,0.0,0.0,100.0,0.0,0.0,100.0,0.0,1.0,0.0,0.0,118.0,0.0,0.0,0.0,5.0,55081,0.0
,https://cgldev.github.io/insta-clone/,37.0,16.0,0.0,2.0,1.0,0.0,0.0,0.0,0.0,0.0,0.0,0.0,0.0,4.0,0.0,1.0,0.0,0.0,0.0,0.0,0.0,0.0,0.0,0.0,0.0,0.0,0.0,0.0,0.0,0.0,0.0,0.0,2.0,1.0,0.0,0.0,0.0,0.0,4.0,0.0,5.0,6.0,5.0,6.0,6.0,5.0,5.5,6.0,5.0,0.0,0.0,0.0,0.0,0.0,0.0,17.0,1.0,0.0,0.0,1.0,0.0,0.0,0.0,0.0,100.0,0.0,100.0,0.0,0.0,0.0,0.0,0.0,1.0,0.0,0.0,118.0,0.0,0.0,0.0,5.0,55081,0.0
,https://inboxx-89f1.nkbrehmyetae.workers.dev/c22aea36-2966-4368-9bd7-1dbd08e1e77e,81.0,36.0,1.0,3.0,5.0,0.0,0.0,0.0,0.0,0.0,0.0,0.0,0.0,3.0,0.0,1.0,0.0,0.0,0.0,0.0,0.0,0.0,0.0,0.0,0.0,23.0,0.08333333333333333,0.0,0.0,0.0,0.0,0.0,3.0,1.0,0.0,0.0,0.0,0.0,9.0,4.0,4.0,4.0,4.0,12.0,12.0,12.0,6.777777777777778,7.25,6.4,0.0,0.0,0.0,0.0,0.0,0.0,0.0,0.0,0.0,0.0,0.0,0.0,0.0,0.0,0.0,0.0,0.0,0.0,0.0,0.0,0.0,0.0,1.0,1.0,0.0,0.0,455.0,0.0,0.0,0.0,5.0,348996,1.0
,https://tayyab129.github.io/Netflix/,36.0,19.0,0.0,2.0,0.0,0.0,0.0,0.0,0.0,0.0,0.0,0.0,0.0,4.0,0.0,1.0,0.0,0.0,0.0,0.0,0.0,0.0,0.0,0.0,0.0,3.0,0.15789473684210525,0.0,0.0,0.0,0.0,0.0,2.0,0.0,0.0,0.0,0.0,0.0,3.0,1.0,6.0,6.0,7.0,9.0,9.0,7.0,7.333333333333333,7.5,7.0,0.0,0.0,0.0,0.0,0.0,0.0,24.0,1.0,0.0,0.0,1.0,0.0,0.0,0.0,0.0,100.0,0.0,100.0,0.0,0.0,0.0,100.0,0.0,1.0,0.0,0.0,118.0,0.0,0.0,0.0,5.0,55081,0.0
,https://duiongsui599135-hiumianx2369-ahdlopscx690.pages.dev/help/contact/432746273065487,88.0,51.0,1.0,2.0,2.0,0.0,0.0,0.0,0.0,0.0,0.0,0.0,0.0,5.0,0.0,1.0,0.0,0.0,0.0,0.0,0.0,0.0,0.0,0.0,0.0,28.0,0.2549019607843137,0.0,0.0,0.0,0.0,0.0,2.0,0.0,0.0,0.0,0.0,0.0,7.0,1.0,4.0,5.0,4.0,15.0,15.0,15.0,10.0,11.0,8.666666666666666,0.0,0.0,0.0,0.0,0.0,0.0,10.0,0.7,0.3,1.0,1.0,1.0,0.0,0.0,1.0,75.0,0.0,0.0,0.0,0.0,0.0,0.0,0.0,1.0,0.0,0.0,661.0,0.0,0.0,0.0,5.0,364804,1.0
,https://pub-de50159ef2444de689475948cd0371b3.r2.dev/index.html,62.0,43.0,1.0,3.0,1.0,0.0,0.0,0.0,0.0,0.0,0.0,0.0,0.0,3.0,0.0,1.0,0.0,0.0,0.0,0.0,0.0,0.0,0.0,0.0,0.0,24.0,0.5581395348837209,0.0,0.0,0.0,0.0,0.0,3.0,1.0,0.0,0.0,0.0,0.0,5.0,3.0,2.0,2.0,4.0,32.0,32.0,5.0,9.2,12.333333333333334,4.5,0.0,0.0,0.0,0.0,0.0,0.0,107.0,0.07476635514018691,0.9252336448598131,0.0,0.0,1.0,0.0,0.0,1.0,50.0,0.0,0.0,100.0,0.0,0.0,100.0,0.0,1.0,1.0,0.0,286.0,0.0,0.0,0.0,3.0,12515107,1.0
,https://hajilond.github.io/awais/,,,,,,,,,,,,,,,,,,,,,,,,,,,,,,,,,,,,,,,,,,,,,,,,,,,,,,,,,,,,,,,,,,,,,,,,,,,,,,,,,,
,https://wwwaaatxhdt.pages.dev/email_&password_fljfrefdvevefg__!bpj&do:sxl0,74.0,21.0,0.0,2.0,0.0,0.0,0.0,2.0,0.0,0.0,4.0,0.0,0.0,3.0,0.0,2.0,0.0,0.0,0.0,0.0,1.0,0.0,0.0,0.0,0.0,1.0,0.0,0.0,0.0,0.0,0.0,0.0,2.0,0.0,0.0,0.0,0.0,0.0,8.0,7.0,2.0,5.0,2.0,14.0,11.0,14.0,6.625,8.0,6.166666666666667,0.0,0.0,0.0,0.0,0.0,0.0,7.0,0.5714285714285714,0.42857142857142855,0.0,1.0,1.0,0.0,0.0,1.0,0.0,0.0,100.0,0.0,0.0,0.0,0.0,0.0,1.0,0.0,0.0,661.0,0.0,0.0,0.0,5.0,364804,1.0
,https://fichier-doc-wetransfer.vercel.app/,,,,,,,,,,,,,,,,,,,,,,,,,,,,,,,,,,,,,,,,,,,,,,,,,,,,,,,,,,,,,,,,,,,,,,,,,,,,,,,,,,
,http://it-support.swift-ness.com/landing/form/78b1e24d-8a8d-423d-b655-211a100090be,82.0,25.0,1.0,2.0,6.0,0.0,0.0,0.0,0.0,0.0,0.0,0.0,0.0,5.0,0.0,1.0,0.0,0.0,0.0,0.0,0.0,0.0,0.0,0.0,1.0,22.0,0.0,0.0,0.0,0.0,0.0,0.0,2.0,0.0,0.0,0.0,0.0,0.0,11.0,7.0,2.0,2.0,4.0,12.0,7.0,12.0,5.545454545454546,4.5,6.142857142857143,0.0,0.0,0.0,0.0,0.0,0.0,5.0,0.6,0.4,0.0,1.0,1.0,0.0,0.0,0.0,100.0,0.0,0.0,100.0,0.0,0.0,0.0,0.0,1.0,0.0,0.0,213.0,0.0,0.0,0.0,0.0,0,1.0
,https://piyushsol.github.io/Netflix-Clone/,42.0,19.0,0.0,2.0,1.0,0.0,0.0,0.0,0.0,0.0,0.0,0.0,0.0,4.0,0.0,1.0,0.0,0.0,0.0,0.0,0.0,0.0,0.0,0.0,0.0,0.0,0.0,0.0,0.0,0.0,0.0,0.0,2.0,1.0,0.0,0.0,0.0,0.0,4.0,0.0,5.0,6.0,5.0,9.0,9.0,7.0,6.75,7.5,6.0,0.0,0.0,0.0,0.0,0.0,0.0,23.0,1.0,0.0,0.0,1.0,0.0,0.0,0.0,0.0,100.0,0.0,100.0,0.0,0.0,0.0,0.0,0.0,1.0,0.0,0.0,118.0,0.0,0.0,0.0,5.0,55081,0.0
,https://pub-208c0d702da34457be2e335025f69551.r2.dev/ionos.html,62.0,43.0,1.0,3.0,1.0,0.0,0.0,0.0,0.0,0.0,0.0,0.0,0.0,3.0,0.0,1.0,0.0,0.0,0.0,0.0,0.0,0.0,0.0,0.0,0.0,25.0,0.5813953488372093,0.0,0.0,0.0,0.0,0.0,3.0,1.0,0.0,0.0,0.0,0.0,5.0,3.0,2.0,2.0,4.0,32.0,32.0,5.0,9.2,12.333333333333334,4.5,0.0,0.0,0.0,0.0,0.0,0.0,8.0,0.125,0.875,1.0,0.0,0.42857142857142855,0.5714285714285714,0.0,1.0,0.0,0.0,0.0,100.0,0.0,0.0,0.0,0.0,1.0,0.0,0.0,286.0,0.0,0.0,0.0,3.0,12515107,1.0
,https://pub-5d1d09422a8943feb7a44328a1b6e78c.r2.dev/index.html,62.0,43.0,1.0,3.0,1.0,0.0,0.0,0.0,0.0,0.0,0.0,0.0,0.0,3.0,0.0,1.0,0.0,0.0,0.0,0.0,0.0,0.0,0.0,0.0,0.0,22.0,0.5116279069767442,0.0,0.0,0.0,0.0,0.0,3.0,1.0,0.0,0.0,0.0,0.0,5.0,2.0,2.0,2.0,4.0,32.0,32.0,5.0,9.2,12.333333333333334,4.5,0.0,0.0,0.0,0.0,0.0,0.0,107.0,0.07476635514018691,0.9252336448598131,0.0,0.125,1.0,0.0,0.0,1.0,50.0,0.0,0.0,100.0,0.0,0.0,100.0,0.0,1.0,1.0,0.0,286.0,0.0,0.0,0.0,3.0,12515107,1.0
,https://yellow143327.studio.site/,33.0,24.0,0.0,2.0,0.0,0.0,0.0,0.0,0.0,0.0,0.0,0.0,0.0,3.0,0.0,1.0,0.0,0.0,0.0,0.0,0.0,0.0,0.0,0.0,0.0,6.0,0.25,0.0,0.0,0.0,0.0,0.0,2.0,0.0,0.0,0.0,0.0,0.0,2.0,2.0,6.0,6.0,0.0,12.0,12.0,0.0,9.0,9.0,0.0,1.0,0.0,0.0,0.0,0.0,0.0,28.0,0.7142857142857143,0.2857142857142857,0.0,1.0,0.75,0.25,0.0,1.0,76.92307692307693,0.0,0.0,0.0,0.0,0.0,0.0,0.0,1.0,0.0,0.0,317.0,0.0,0.0,0.0,2.0,52946250,1.0
,https://ranjitkumarmehta1.github.io/netflix/,44.0,27.0,0.0,2.0,0.0,0.0,0.0,0.0,0.0,0.0,0.0,0.0,0.0,4.0,0.0,1.0,0.0,0.0,0.0,0.0,0.0,0.0,0.0,0.0,0.0,1.0,0.037037037037037035,0.0,0.0,0.0,0.0,0.0,2.0,0.0,0.0,0.0,0.0,0.0,3.0,0.0,6.0,6.0,7.0,17.0,17.0,7.0,10.0,11.5,7.0,0.0,0.0,0.0,0.0,0.0,0.0,26.0,0.7307692307692307,0.2692307692307692,1.0,1.0,1.0,0.0,0.0,1.0,50.0,0.0,20.0,80.0,0.0,0.0,0.0,0.0,1.0,0.0,0.0,118.0,0.0,0.0,0.0,5.0,55081,0.0
,https://pancake-frontend-dejmy38ut-chefilip.vercel.app/voting,61.0,46.0,0.0,2.0,3.0,0.0,0.0,0.0,0.0,0.0,0.0,0.0,0.0,3.0,0.0,1.0,0.0,0.0,0.0,0.0,0.0,0.0,0.0,0.0,0.0,2.0,0.043478260869565216,0.0,0.0,0.0,0.0,0.0,2.0,0.0,0.0,0.0,0.0,0.0,6.0,0.0,6.0,6.0,6.0,9.0,9.0,6.0,7.333333333333333,7.6,6.0,0.0,0.0,0.0,0.0,0.0,0.0,29.0,0.8275862068965517,0.1724137931034483,0.0,1.0,0.2,0.8,0.0,1.0,88.88888888888889,0.0,0.0,100.0,0.0,0.0,0.0,0.0,1.0,0.0,0.0,79.0,0.0,0.0,0.0,5.0,366275,0.0
,https://autoiothiatowers.web.app/?err=cj6drhVr0PJrVgmuq4P7C6oygl7N5wJQrD48b9ZsgtPJ3lyvjT1rPyGdyzNbJCtzp8ug94l3Vcy2uzaLfJ2IFhKkgUGmly5EP6C8zrsa0OGvnf5gZt4Qn63vkpF909sg2yk6I2qanynJDYxSyWh462kQiqWWDjmhTnczebl37Vw7yPz20F6mhnyG8Rlz1jukebc11HfWBIyF8VgCCbVKxtZlPdSavlobmvoQhu50&dispatch=6bb3i2f8iiek6kga8k1j9c134bi06f&id=3c23dge7ei84e3h1c9e3g8b6g6bc5e4fj17jjc0ii97h4,359.0,24.0,1.0,2.0,0.0,0.0,1.0,2.0,0.0,3.0,0.0,0.0,0.0,3.0,0.0,1.0,0.0,0.0,0.0,0.0,0.0,0.0,0.0,0.0,0.0,82.0,0.0,0.0,0.0,0.0,0.0,0.0,2.0,0.0,0.0,0.0,0.0,0.0,8.0,9.0,2.0,3.0,2.0,232.0,16.0,232.0,42.375,9.5,53.333333333333336,0.0,0.0,0.0,0.0,0.0,0.0,0.0,0.0,0.0,0.0,0.0,0.0,0.0,0.0,0.0,0.0,0.0,0.0,0.0,0.0,0.0,0.0,1.0,1.0,0.0,0.0,59.0,0.0,0.0,0.0,4.0,3240161,0.0
,https://pub-56235221ea6a4d138e0c2cdc42391d26.r2.dev/index.html,62.0,43.0,1.0,3.0,1.0,0.0,0.0,0.0,0.0,0.0,0.0,0.0,0.0,3.0,0.0,1.0,0.0,0.0,0.0,0.0,0.0,0.0,0.0,0.0,0.0,23.0,0.5348837209302325,0.0,0.0,0.0,0.0,0.0,3.0,1.0,0.0,0.0,0.0,0.0,5.0,1.0,2.0,2.0,4.0,32.0,32.0,5.0,9.2,12.333333333333334,4.5,0.0,0.0,0.0,0.0,0.0,0.0,107.0,0.07476635514018691,0.9252336448598131,0.0,0.125,1.0,0.0,0.0,1.0,50.0,0.0,0.0,100.0,0.0,0.0,100.0,0.0,1.0,1.0,0.0,286.0,0.0,0.0,0.0,3.0,12515107,1.0
,https://pub-3c6ff223b9b247738a1a52bc572f63dc.r2.dev/index.html,62.0,43.0,1.0,3.0,1.0,0.0,0.0,0.0,0.0,0.0,0.0,0.0,0.0,3.0,0.0,1.0,0.0,0.0,0.0,0.0,0.0,0.0,0.0,0.0,0.0,21.0,0.4883720930232558,0.0,0.0,0.0,0.0,0.0,3.0,1.0,0.0,0.0,0.0,0.0,5.0,3.0,2.0,2.0,4.0,32.0,32.0,5.0,9.2,12.333333333333334,4.5,0.0,0.0,0.0,0.0,0.0,0.0,107.0,0.07476635514018691,0.9252336448598131,0.0,0.125,1.0,0.0,0.0,1.0,50.0,0.0,0.0,100.0,0.0,0.0,100.0,0.0,1.0,1.0,0.0,286.0,0.0,0.0,0.0,3.0,12515107,1.0
,https://mmatamskk-walleta.gitbook.io/us,,,,,,,,,,,,,,,,,,,,,,,,,,,,,,,,,,,,,,,,,,,,,,,,,,,,,,,,,,,,,,,,,,,,,,,,,,,,,,,,,,
,https://pub-9ebe6b69140948eeba42d3ff0fcc7f3a.r2.dev/index.html,62.0,43.0,1.0,3.0,1.0,0.0,0.0,0.0,0.0,0.0,0.0,0.0,0.0,3.0,0.0,1.0,0.0,0.0,0.0,0.0,0.0,0.0,0.0,0.0,0.0,17.0,0.3953488372093023,0.0,0.0,0.0,0.0,0.0,3.0,1.0,0.0,0.0,0.0,0.0,5.0,3.0,2.0,2.0,4.0,32.0,32.0,5.0,9.2,12.333333333333334,4.5,0.0,0.0,0.0,0.0,0.0,0.0,107.0,0.07476635514018691,0.9252336448598131,0.0,0.0,1.0,0.0,0.0,1.0,50.0,0.0,0.0,100.0,0.0,0.0,100.0,0.0,1.0,1.0,0.0,286.0,0.0,0.0,0.0,3.0,12515107,1.0
,https://pub-f5c127537d254b589faf4e154d158c0c.r2.dev/index.html,62.0,43.0,1.0,3.0,1.0,0.0,0.0,0.0,0.0,0.0,0.0,0.0,0.0,3.0,0.0,1.0,0.0,0.0,0.0,0.0,0.0,0.0,0.0,0.0,0.0,22.0,0.5116279069767442,0.0,0.0,0.0,0.0,0.0,3.0,1.0,0.0,0.0,0.0,0.0,5.0,0.0,2.0,2.0,4.0,32.0,32.0,5.0,9.2,12.333333333333334,4.5,0.0,0.0,0.0,0.0,0.0,0.0,106.0,0.0660377358490566,0.9339622641509434,0.0,0.0,1.0,0.0,0.0,1.0,0.0,0.0,0.0,100.0,0.0,0.0,100.0,0.0,1.0,1.0,0.0,286.0,0.0,0.0,0.0,3.0,12515107,1.0
,https://m4pfi7cgxugeko3.pages.dev/smart89/,,,,,,,,,,,,,,,,,,,,,,,,,,,,,,,,,,,,,,,,,,,,,,,,,,,,,,,,,,,,,,,,,,,,,,,,,,,,,,,,,,
,https://srgvlsn.github.io/Netflix-Clone-Responsive/,51.0,17.0,0.0,2.0,2.0,0.0,0.0,0.0,0.0,0.0,0.0,0.0,0.0,4.0,0.0,1.0,0.0,0.0,0.0,0.0,0.0,0.0,0.0,0.0,0.0,0.0,0.0,0.0,0.0,0.0,0.0,0.0,2.0,0.0,0.0,0.0,0.0,0.0,5.0,0.0,5.0,6.0,5.0,10.0,7.0,10.0,7.0,6.5,7.333333333333333,0.0,0.0,0.0,0.0,0.0,0.0,33.0,1.0,0.0,0.0,1.0,0.0,0.0,0.0,0.0,100.0,0.0,100.0,0.0,0.0,0.0,100.0,0.0,1.0,0.0,0.0,118.0,0.0,0.0,0.0,5.0,55081,0.0
,https://redirectblacklitss-e3z.pages.dev/,41.0,32.0,0.0,2.0,1.0,0.0,0.0,0.0,0.0,0.0,0.0,0.0,0.0,3.0,0.0,1.0,0.0,0.0,0.0,0.0,0.0,0.0,0.0,0.0,0.0,1.0,0.03125,0.0,0.0,0.0,0.0,0.0,2.0,1.0,0.0,0.0,0.0,0.0,3.0,1.0,3.0,3.0,0.0,18.0,18.0,0.0,8.666666666666666,8.666666666666666,0.0,0.0,0.0,0.0,0.0,0.0,0.0,38.0,0.13157894736842105,0.868421052631579,4.0,0.8,1.0,0.0,0.0,1.0,10.0,0.0,100.0,0.0,0.0,0.0,0.0,0.0,1.0,0.0,0.0,661.0,0.0,0.0,0.0,5.0,364804,1.0
,https://saidhanush1702.github.io/cloneNetflix/,46.0,24.0,0.0,2.0,0.0,0.0,0.0,0.0,0.0,0.0,0.0,0.0,0.0,4.0,0.0,1.0,0.0,0.0,0.0,0.0,0.0,0.0,0.0,0.0,0.0,4.0,0.16666666666666666,0.0,0.0,0.0,0.0,0.0,2.0,0.0,0.0,0.0,0.0,0.0,3.0,0.0,6.0,6.0,12.0,14.0,14.0,12.0,10.666666666666666,10.0,12.0,0.0,0.0,0.0,0.0,0.0,0.0,24.0,0.8333333333333334,0.16666666666666666,0.0,1.0,1.0,0.0,0.0,0.0,100.0,0.0,20.0,80.0,0.0,0.0,0.0,0.0,1.0,0.0,0.0,118.0,0.0,0.0,0.0,5.0,55081,0.0
,https://ads-verification-for-pay.vercel.app/,44.0,35.0,0.0,2.0,3.0,0.0,0.0,0.0,0.0,0.0,0.0,0.0,0.0,3.0,0.0,1.0,0.0,0.0,0.0,0.0,0.0,0.0,0.0,0.0,0.0,0.0,0.0,0.0,0.0,0.0,0.0,0.0,2.0,0.0,0.0,0.0,0.0,0.0,5.0,0.0,3.0,3.0,0.0,12.0,12.0,0.0,5.4,5.4,0.0,0.0,0.0,0.0,0.0,0.0,0.0,26.0,0.9615384615384616,0.038461538461538464,0.0,1.0,1.0,0.0,0.0,0.0,100.0,0.0,100.0,0.0,0.0,0.0,0.0,0.0,1.0,1.0,0.0,79.0,0.0,0.0,0.0,5.0,366275,0.0
,https://member-ourtime.valley-assign.workers.dev/,,,,,,,,,,,,,,,,,,,,,,,,,,,,,,,,,,,,,,,,,,,,,,,,,,,,,,,,,,,,,,,,,,,,,,,,,,,,,,,,,,
,https://pub-80a418f750d74f20ae07779844127e33.r2.dev/lil.html,60.0,43.0,1.0,3.0,1.0,0.0,0.0,0.0,0.0,0.0,0.0,0.0,0.0,3.0,0.0,1.0,0.0,0.0,0.0,0.0,0.0,0.0,0.0,0.0,0.0,26.0,0.6046511627906976,0.0,0.0,0.0,0.0,0.0,3.0,1.0,0.0,0.0,0.0,0.0,5.0,5.0,2.0,2.0,3.0,32.0,32.0,4.0,8.8,12.333333333333334,3.5,0.0,0.0,0.0,0.0,0.0,0.0,106.0,0.0660377358490566,0.9339622641509434,0.0,0.0,1.0,0.0,0.0,1.0,0.0,0.0,0.0,100.0,0.0,0.0,100.0,0.0,1.0,1.0,0.0,286.0,0.0,0.0,0.0,3.0,12515107,1.0
,https://netflexresponsive.vercel.app/,37.0,28.0,0.0,2.0,0.0,0.0,0.0,0.0,0.0,0.0,0.0,0.0,0.0,3.0,0.0,1.0,0.0,0.0,0.0,0.0,0.0,0.0,0.0,0.0,0.0,0.0,0.0,0.0,0.0,0.0,0.0,0.0,2.0,0.0,0.0,0.0,0.0,0.0,2.0,0.0,6.0,6.0,0.0,17.0,17.0,0.0,11.5,11.5,0.0,0.0,0.0,0.0,0.0,0.0,0.0,19.0,1.0,0.0,0.0,1.0,0.0,0.0,0.0,0.0,100.0,0.0,100.0,0.0,0.0,0.0,100.0,0.0,1.0,0.0,0.0,79.0,0.0,0.0,0.0,5.0,366275,0.0
,https://pub-eac097de094c43aeada41cf4d8b131d4.r2.dev/index.html,62.0,43.0,1.0,3.0,1.0,0.0,0.0,0.0,0.0,0.0,0.0,0.0,0.0,3.0,0.0,1.0,0.0,0.0,0.0,0.0,0.0,0.0,0.0,0.0,0.0,17.0,0.3953488372093023,0.0,0.0,0.0,0.0,0.0,3.0,1.0,0.0,0.0,0.0,0.0,5.0,0.0,2.0,2.0,4.0,32.0,32.0,5.0,9.2,12.333333333333334,4.5,0.0,0.0,0.0,0.0,0.0,0.0,107.0,0.07476635514018691,0.9252336448598131,0.0,0.375,1.0,0.0,0.0,1.0,50.0,0.0,0.0,100.0,0.0,0.0,100.0,0.0,1.0,1.0,0.0,286.0,0.0,0.0,0.0,3.0,12515107,1.0
,https://pub-e38edf1e0cf64bba9a76712180ec194f.r2.dev/index.html,62.0,43.0,1.0,3.0,1.0,0.0,0.0,0.0,0.0,0.0,0.0,0.0,0.0,3.0,0.0,1.0,0.0,0.0,0.0,0.0,0.0,0.0,0.0,0.0,0.0,19.0,0.4418604651162791,0.0,0.0,0.0,0.0,0.0,3.0,1.0,0.0,0.0,0.0,0.0,5.0,1.0,2.0,2.0,4.0,32.0,32.0,5.0,9.2,12.333333333333334,4.5,0.0,0.0,0.0,0.0,0.0,0.0,107.0,0.07476635514018691,0.9252336448598131,0.0,0.0,1.0,0.0,0.0,1.0,50.0,0.0,0.0,100.0,0.0,0.0,100.0,0.0,1.0,1.0,0.0,286.0,0.0,0.0,0.0,3.0,12515107,1.0
,https://chattts-49f1.beszyrecala.workers.dev/478f28a0-5b2d-46be-ac87-61=,72.0,36.0,1.0,3.0,5.0,0.0,0.0,0.0,0.0,1.0,0.0,0.0,0.0,3.0,0.0,1.0,0.0,0.0,0.0,0.0,0.0,0.0,0.0,0.0,0.0,17.0,0.08333333333333333,0.0,0.0,0.0,0.0,0.0,3.0,1.0,0.0,0.0,0.0,0.0,9.0,3.0,2.0,4.0,2.0,11.0,11.0,8.0,5.666666666666667,7.25,4.4,0.0,0.0,0.0,0.0,0.0,0.0,0.0,0.0,0.0,0.0,0.0,0.0,0.0,0.0,0.0,0.0,0.0,0.0,0.0,0.0,0.0,0.0,1.0,1.0,0.0,0.0,455.0,0.0,0.0,0.0,5.0,348996,1.0
,https://dana-kaget-indonesia-com.vercel.app/,44.0,35.0,0.0,2.0,3.0,0.0,0.0,0.0,0.0,0.0,0.0,0.0,0.0,3.0,0.0,1.0,0.0,0.0,0.0,0.0,0.0,1.0,0.0,0.0,0.0,0.0,0.0,0.0,0.0,0.0,0.0,0.0,2.0,0.0,0.0,0.0,0.0,0.0,5.0,0.0,3.0,3.0,0.0,9.0,9.0,0.0,5.4,5.4,0.0,0.0,0.0,0.0,0.0,0.0,0.0,61.0,0.14754098360655737,0.8524590163934426,5.0,0.8888888888888888,1.0,0.0,0.0,1.0,0.0,0.0,0.0,100.0,0.0,0.0,100.0,0.0,1.0,0.0,0.0,79.0,0.0,0.0,0.0,5.0,366275,0.0
,https://pub-eb93a0707eca4e268e881e8682186d4b.r2.dev/index.html,62.0,43.0,1.0,3.0,1.0,0.0,0.0,0.0,0.0,0.0,0.0,0.0,0.0,3.0,0.0,1.0,0.0,0.0,0.0,0.0,0.0,0.0,0.0,0.0,0.0,22.0,0.5116279069767442,0.0,0.0,0.0,0.0,0.0,3.0,1.0,0.0,0.0,0.0,0.0,5.0,1.0,2.0,2.0,4.0,32.0,32.0,5.0,9.2,12.333333333333334,4.5,0.0,0.0,0.0,0.0,0.0,0.0,107.0,0.07476635514018691,0.9252336448598131,0.0,0.125,1.0,0.0,0.0,1.0,50.0,0.0,0.0,100.0,0.0,0.0,100.0,0.0,1.0,1.0,0.0,286.0,0.0,0.0,0.0,3.0,12515107,1.0
,https://sheikhmuhammadzain.github.io/netflix/,45.0,28.0,0.0,2.0,0.0,0.0,0.0,0.0,0.0,0.0,0.0,0.0,0.0,4.0,0.0,1.0,0.0,0.0,0.0,0.0,0.0,0.0,0.0,0.0,0.0,0.0,0.0,0.0,0.0,0.0,0.0,0.0,2.0,0.0,0.0,0.0,0.0,0.0,3.0,1.0,6.0,6.0,7.0,18.0,18.0,7.0,10.333333333333334,12.0,7.0,0.0,0.0,0.0,0.0,0.0,0.0,25.0,1.0,0.0,0.0,1.0,0.0,0.0,0.0,0.0,100.0,0.0,100.0,0.0,0.0,0.0,0.0,0.0,1.0,0.0,0.0,118.0,0.0,0.0,0.0,5.0,55081,0.0
,https://handipadel.com/wp-includes/js/jquery/uii/jss/img/secured/fold/crypt/index.php?email=&.rand=13inboxlight.aspx?n=1774256418&fid=4/,136.0,14.0,1.0,4.0,1.0,0.0,2.0,2.0,0.0,4.0,0.0,0.0,0.0,13.0,0.0,1.0,0.0,0.0,0.0,0.0,0.0,0.0,0.0,0.0,0.0,13.0,0.0,0.0,0.0,0.0,0.0,0.0,3.0,1.0,0.0,0.0,0.0,0.0,21.0,3.0,1.0,10.0,1.0,12.0,10.0,12.0,4.809523809523809,10.0,4.55,4.0,0.0,0.0,0.0,0.0,0.0,12.0,1.0,0.0,0.0,1.0,0.0,0.0,0.0,0.0,100.0,0.0,0.0,0.0,0.0,0.0,0.0,0.0,1.0,0.0,0.0,-1.0,0.0,0.0,0.0,0.0,0,1.0
,https://activacion.vodafone-was.es/step2.php,44.0,26.0,0.0,3.0,1.0,0.0,0.0,0.0,0.0,0.0,0.0,0.0,0.0,3.0,0.0,1.0,0.0,0.0,0.0,0.0,0.0,0.0,0.0,0.0,0.0,1.0,0.0,0.0,0.0,0.0,0.0,0.0,3.0,1.0,0.0,0.0,2.0,0.0,5.0,0.0,3.0,3.0,3.0,10.0,10.0,5.0,5.8,7.0,4.0,0.0,0.0,0.0,0.0,0.0,0.0,28.0,1.0,0.0,0.0,1.0,0.0,0.0,0.0,0.0,100.0,0.0,100.0,0.0,0.0,0.0,0.0,0.0,1.0,0.0,0.0,0.0,1.0,0.0,0.0,0.0,295354971,1.0
,https://monirulmiddya.github.io/netflix_clone/,46.0,23.0,0.0,2.0,0.0,0.0,0.0,0.0,0.0,0.0,1.0,0.0,0.0,4.0,0.0,1.0,0.0,0.0,0.0,0.0,0.0,0.0,0.0,0.0,0.0,0.0,0.0,0.0,0.0,0.0,0.0,0.0,2.0,0.0,0.0,0.0,0.0,0.0,4.0,1.0,5.0,6.0,5.0,13.0,13.0,7.0,7.75,9.5,6.0,0.0,0.0,0.0,0.0,0.0,0.0,34.0,0.9117647058823529,0.08823529411764706,1.0,1.0,1.0,0.0,0.0,1.0,75.0,0.0,100.0,0.0,0.0,0.0,100.0,0.0,1.0,0.0,0.0,118.0,0.0,0.0,0.0,5.0,55081,0.0
,https://unusualactivityaccountpages12.github.io/,48.0,39.0,0.0,2.0,0.0,0.0,0.0,0.0,0.0,0.0,0.0,0.0,0.0,3.0,0.0,1.0,0.0,0.0,0.0,0.0,0.0,0.0,0.0,0.0,0.0,2.0,0.05128205128205128,0.0,0.0,0.0,0.0,0.0,2.0,0.0,0.0,0.0,0.0,0.0,2.0,1.0,6.0,6.0,0.0,29.0,29.0,0.0,17.5,17.5,0.0,0.0,0.0,0.0,0.0,0.0,0.0,11.0,0.9090909090909091,0.09090909090909091,0.0,1.0,1.0,0.0,1.0,0.0,100.0,0.0,0.0,0.0,0.0,0.0,0.0,0.0,1.0,0.0,0.0,118.0,0.0,0.0,0.0,5.0,55081,0.0
,https://bhagya-u.github.io/ShopNest-Project/,44.0,18.0,0.0,2.0,2.0,0.0,0.0,0.0,0.0,0.0,0.0,0.0,0.0,4.0,0.0,1.0,0.0,0.0,0.0,0.0,0.0,0.0,0.0,0.0,0.0,0.0,0.0,0.0,0.0,0.0,0.0,0.0,2.0,1.0,0.0,0.0,0.0,0.0,5.0,0.0,1.0,1.0,7.0,8.0,6.0,8.0,5.6,4.333333333333333,7.5,0.0,0.0,0.0,0.0,0.0,0.0,33.0,0.7575757575757576,0.24242424242424243,0.0,1.0,1.0,0.0,0.0,1.0,50.0,0.0,0.0,100.0,0.0,0.0,100.0,0.0,1.0,0.0,0.0,118.0,0.0,0.0,0.0,5.0,55081,0.0
,https://ourtime.people-meedia.workers.dev/v3/help/,50.0,33.0,0.0,3.0,1.0,0.0,0.0,0.0,0.0,0.0,0.0,0.0,0.0,5.0,0.0,1.0,0.0,0.0,0.0,0.0,0.0,0.0,0.0,0.0,0.0,1.0,0.0,0.0,0.0,0.0,0.0,0.0,3.0,1.0,0.0,0.0,0.0,0.0,6.0,1.0,2.0,6.0,2.0,7.0,7.0,4.0,5.333333333333333,6.5,3.0,0.0,0.0,0.0,0.0,0.0,0.0,0.0,0.0,0.0,0.0,0.0,0.0,0.0,0.0,0.0,0.0,0.0,0.0,0.0,0.0,0.0,0.0,1.0,1.0,0.0,0.0,455.0,0.0,0.0,0.0,5.0,348996,1.0
,https://pub-3f2a693b47c5443abaf3cfd354fcdc14.r2.dev/emailconfirmation.html,74.0,43.0,1.0,3.0,1.0,0.0,0.0,0.0,0.0,0.0,0.0,0.0,0.0,3.0,0.0,1.0,0.0,0.0,0.0,0.0,0.0,0.0,0.0,0.0,0.0,18.0,0.4186046511627907,0.0,0.0,0.0,0.0,0.0,3.0,1.0,0.0,0.0,0.0,0.0,5.0,1.0,2.0,2.0,4.0,32.0,32.0,17.0,11.6,12.333333333333334,10.5,0.0,0.0,0.0,0.0,0.0,0.0,11.0,0.8181818181818182,0.18181818181818182,0.0,0.0,1.0,0.0,1.0,0.0,100.0,0.0,100.0,0.0,0.0,0.0,0.0,0.0,1.0,0.0,0.0,286.0,0.0,0.0,0.0,3.0,12515107,1.0
,https://pub-1cb65319bc294eaf987b3f783fecbc7b.r2.dev/be131.html,,,,,,,,,,,,,,,,,,,,,,,,,,,,,,,,,,,,,,,,,,,,,,,,,,,,,,,,,,,,,,,,,,,,,,,,,,,,,,,,,,
,https://instagram-clone-tan-iota.vercel.app/sign-up,51.0,35.0,0.0,2.0,4.0,0.0,0.0,0.0,0.0,0.0,0.0,0.0,0.0,3.0,0.0,1.0,0.0,0.0,0.0,0.0,0.0,0.0,0.0,0.0,0.0,0.0,0.0,0.0,0.0,0.0,0.0,0.0,2.0,0.0,0.0,0.0,0.0,0.0,7.0,0.0,2.0,3.0,2.0,9.0,9.0,4.0,4.714285714285714,5.4,3.0,0.0,0.0,0.0,0.0,0.0,0.0,7.0,1.0,0.0,0.0,1.0,0.0,0.0,0.0,0.0,100.0,0.0,0.0,0.0,0.0,0.0,0.0,0.0,1.0,0.0,0.0,79.0,0.0,0.0,0.0,5.0,366275,0.0
,https://pub-303fc0e5e27a4be483685c3e55248df3.r2.dev/index.html,62.0,43.0,1.0,3.0,1.0,0.0,0.0,0.0,0.0,0.0,0.0,0.0,0.0,3.0,0.0,1.0,0.0,0.0,0.0,0.0,0.0,0.0,0.0,0.0,0.0,22.0,0.5116279069767442,0.0,0.0,0.0,0.0,0.0,3.0,1.0,0.0,0.0,0.0,0.0,5.0,1.0,2.0,2.0,4.0,32.0,32.0,5.0,9.2,12.333333333333334,4.5,0.0,0.0,0.0,0.0,0.0,0.0,107.0,0.07476635514018691,0.9252336448598131,0.0,0.0,1.0,0.0,0.0,1.0,50.0,0.0,0.0,100.0,0.0,0.0,100.0,0.0,1.0,1.0,0.0,286.0,0.0,0.0,0.0,3.0,12515107,1.0
,https://tumagiagratis.aprendemagia.cl/ord/excelzz/bizmail.php,61.0,29.0,0.0,3.0,0.0,0.0,0.0,0.0,0.0,0.0,0.0,0.0,0.0,5.0,0.0,1.0,0.0,0.0,0.0,0.0,0.0,0.0,0.0,0.0,0.0,0.0,0.0,0.0,0.0,0.0,0.0,0.0,3.0,0.0,0.0,0.0,0.0,0.0,6.0,1.0,3.0,12.0,3.0,13.0,13.0,7.0,7.5,12.5,5.0,0.0,0.0,0.0,0.0,0.0,0.0,8.0,1.0,0.0,0.0,0.0,0.0,0.0,0.0,0.0,100.0,0.0,100.0,0.0,0.0,0.0,0.0,0.0,1.0,0.0,0.0,-1.0,1.0,0.0,0.0,2.0,73137545,1.0
,https://pub-06a0ddd488ad4d718aa2fe44a42ac548.r2.dev/index.html,62.0,43.0,1.0,3.0,1.0,0.0,0.0,0.0,0.0,0.0,0.0,0.0,0.0,3.0,0.0,1.0,0.0,0.0,0.0,0.0,0.0,0.0,0.0,0.0,0.0,19.0,0.4418604651162791,0.0,0.0,0.0,0.0,0.0,3.0,1.0,0.0,0.0,0.0,0.0,5.0,6.0,2.0,2.0,4.0,32.0,32.0,5.0,9.2,12.333333333333334,4.5,0.0,0.0,0.0,0.0,0.0,0.0,107.0,0.07476635514018691,0.9252336448598131,0.0,0.0,1.0,0.0,0.0,1.0,50.0,0.0,0.0,100.0,0.0,0.0,100.0,0.0,1.0,1.0,0.0,286.0,0.0,0.0,0.0,3.0,12515107,1.0
,https://telemlp-fzxr.top/zz/,,,,,,,,,,,,,,,,,,,,,,,,,,,,,,,,,,,,,,,,,,,,,,,,,,,,,,,,,,,,,,,,,,,,,,,,,,,,,,,,,,
,https://vikashpathak01.github.io/Netflix-Clone/,47.0,24.0,0.0,2.0,1.0,0.0,0.0,0.0,0.0,0.0,0.0,0.0,0.0,4.0,0.0,1.0,0.0,0.0,0.0,0.0,0.0,0.0,0.0,0.0,0.0,2.0,0.08333333333333333,0.0,0.0,0.0,0.0,0.0,2.0,1.0,0.0,0.0,0.0,0.0,4.0,0.0,5.0,6.0,5.0,14.0,14.0,7.0,8.0,10.0,6.0,0.0,0.0,0.0,0.0,0.0,0.0,27.0,0.8518518518518519,0.14814814814814814,0.0,1.0,1.0,0.0,0.0,0.0,100.0,0.0,20.0,80.0,0.0,0.0,0.0,0.0,1.0,0.0,0.0,118.0,0.0,0.0,0.0,5.0,55081,0.0
,https://telagxam.te-en.fit/,,,,,,,,,,,,,,,,,,,,,,,,,,,,,,,,,,,,,,,,,,,,,,,,,,,,,,,,,,,,,,,,,,,,,,,,,,,,,,,,,,
,https://tanmoydas04.github.io/Netflix-Clone/,44.0,21.0,0.0,2.0,1.0,0.0,0.0,0.0,0.0,0.0,0.0,0.0,0.0,4.0,0.0,1.0,0.0,0.0,0.0,0.0,0.0,0.0,0.0,0.0,0.0,2.0,0.09523809523809523,0.0,0.0,0.0,0.0,0.0,2.0,1.0,0.0,0.0,0.0,0.0,4.0,0.0,5.0,6.0,5.0,11.0,11.0,7.0,7.25,8.5,6.0,0.0,0.0,0.0,0.0,0.0,0.0,28.0,1.0,0.0,0.0,1.0,0.0,0.0,0.0,0.0,100.0,0.0,100.0,0.0,0.0,0.0,100.0,0.0,1.0,0.0,0.0,118.0,0.0,0.0,0.0,5.0,55081,0.0
,https://alienoffice.firebaseapp.com/,36.0,27.0,0.0,2.0,0.0,0.0,0.0,0.0,0.0,0.0,0.0,0.0,0.0,3.0,0.0,1.0,0.0,0.0,0.0,0.0,0.0,0.0,0.0,0.0,0.0,0.0,0.0,0.0,0.0,0.0,0.0,0.0,2.0,0.0,0.0,0.0,0.0,0.0,2.0,2.0,11.0,11.0,0.0,11.0,11.0,0.0,11.0,11.0,0.0,0.0,0.0,0.0,0.0,0.0,0.0,3.0,1.0,0.0,0.0,0.6666666666666666,0.0,0.0,0.0,0.0,0.0,0.0,100.0,0.0,0.0,0.0,100.0,0.0,1.0,0.0,0.0,-1.0,0.0,0.0,0.0,3.0,14729684,1.0
,https://pub-fe47764ca3fb4d9dbd3faee98a531d23.r2.dev/index.html,62.0,43.0,1.0,3.0,1.0,0.0,0.0,0.0,0.0,0.0,0.0,0.0,0.0,3.0,0.0,1.0,0.0,0.0,0.0,0.0,0.0,0.0,0.0,0.0,0.0,17.0,0.3953488372093023,0.0,0.0,0.0,0.0,0.0,3.0,1.0,0.0,0.0,0.0,0.0,5.0,2.0,2.0,2.0,4.0,32.0,32.0,5.0,9.2,12.333333333333334,4.5,0.0,0.0,0.0,0.0,0.0,0.0,107.0,0.07476635514018691,0.9252336448598131,0.0,0.0,1.0,0.0,0.0,1.0,50.0,0.0,0.0,100.0,0.0,0.0,100.0,0.0,1.0,1.0,0.0,286.0,0.0,0.0,0.0,3.0,12515107,1.0
,https://chiru7711.github.io/NetflixClone/,41.0,19.0,0.0,2.0,0.0,0.0,0.0,0.0,0.0,0.0,0.0,0.0,0.0,4.0,0.0,1.0,0.0,0.0,0.0,0.0,0.0,0.0,0.0,0.0,0.0,4.0,0.21052631578947367,0.0,0.0,0.0,0.0,0.0,2.0,0.0,0.0,0.0,0.0,0.0,3.0,2.0,6.0,6.0,12.0,12.0,9.0,12.0,9.0,7.5,12.0,0.0,0.0,0.0,0.0,0.0,0.0,25.0,1.0,0.0,0.0,1.0,0.0,0.0,0.0,0.0,100.0,0.0,100.0,0.0,0.0,0.0,100.0,0.0,1.0,0.0,0.0,118.0,0.0,0.0,0.0,5.0,55081,0.0
,https://bitvavo.com.nl.services.rmtranslog.com.br/profiel_bijwerken.php?XAcJ1I0qGkLlwQvUpzMT4jgiKtm5W8fCAXAcJ1I0qGkLlwQvUpzMT4jgiKtm5W8fCAXAcJ1I0qGkLlwQvUpzMT4jgiKtm5W8fCAXAcJ1I0qGkLlwQvUpzMT4jgiKtm5W8fCAXAcJ1I0qGkLlwQvUpzMT4jgiKtm5W8fCAXAcJ1I0qGkLlwQvUpzMT4jgiKtm5W8fCAXAcJ1I0qGkLlwQvUpzMT4jgiKtm5W8fXAcJ1I0qGkLlwQvUpzMT4jgiKtm5W8fCAXAcJ1I0qGkLlwQvUpzMT4jgiKtm5W8fCAXAcJ1I0qGkLlwQvUpzMT4jgiKtm5W8fCAXAcJ1I0qGkLlwQvUpzMT4jgiKtm5W8fCAXAcJ1I0qGkLlwQvUpzMT4jgiKtm5W8fCAXAcJ1I0qGkLlwQvUpzMT4jgiKtm5W8fCAXAcJ1I0qGkLlwQvUpzMT4jgiKtm5W8f,530.0,41.0,0.0,7.0,0.0,0.0,1.0,0.0,0.0,0.0,1.0,0.0,0.0,3.0,0.0,1.0,0.0,0.0,0.0,0.0,0.0,1.0,0.0,0.0,0.0,70.0,0.0,0.0,0.0,0.0,0.0,0.0,3.0,0.0,0.0,0.0,0.0,0.0,9.0,14.0,2.0,2.0,3.0,458.0,10.0,458.0,56.333333333333336,6.0,119.25,0.0,0.0,0.0,0.0,0.0,0.0,25.0,0.88,0.12,1.0,1.0,1.0,0.0,0.0,1.0,87.5,0.0,100.0,0.0,0.0,0.0,0.0,0.0,1.0,0.0,0.0,202.0,0.0,0.0,0.0,0.0,0,1.0
,https://sree1047.github.io/Netflix_Clone/,41.0,18.0,0.0,2.0,0.0,0.0,0.0,0.0,0.0,0.0,1.0,0.0,0.0,4.0,0.0,1.0,0.0,0.0,0.0,0.0,0.0,0.0,0.0,0.0,0.0,4.0,0.2222222222222222,0.0,0.0,0.0,0.0,0.0,2.0,0.0,0.0,0.0,0.0,0.0,4.0,1.0,5.0,6.0,5.0,8.0,8.0,7.0,6.5,7.0,6.0,0.0,0.0,0.0,0.0,0.0,0.0,31.0,0.8387096774193549,0.16129032258064516,0.0,1.0,1.0,0.0,0.0,0.0,100.0,0.0,0.0,100.0,0.0,0.0,100.0,0.0,1.0,0.0,0.0,118.0,0.0,0.0,0.0,5.0,55081,0.0
,https://47820492-janehouston.pages.dev/help/contact/441713260916363,67.0,30.0,1.0,2.0,1.0,0.0,0.0,0.0,0.0,0.0,0.0,0.0,0.0,5.0,0.0,1.0,0.0,0.0,0.0,0.0,0.0,0.0,0.0,0.0,0.0,23.0,0.26666666666666666,0.0,0.0,0.0,0.0,1.0,2.0,1.0,0.0,0.0,0.0,0.0,6.0,1.0,4.0,5.0,4.0,15.0,11.0,15.0,8.333333333333334,8.0,8.666666666666666,0.0,0.0,0.0,0.0,0.0,0.0,10.0,0.7,0.3,1.0,1.0,1.0,0.0,0.0,1.0,75.0,0.0,0.0,0.0,0.0,0.0,0.0,0.0,1.0,0.0,0.0,661.0,0.0,0.0,0.0,5.0,364804,1.0
,https://pub-79ff6c7625cf43c59c1c3c3a0aea7ccb.r2.dev/index.html,62.0,43.0,1.0,3.0,1.0,0.0,0.0,0.0,0.0,0.0,0.0,0.0,0.0,3.0,0.0,1.0,0.0,0.0,0.0,0.0,0.0,0.0,0.0,0.0,0.0,17.0,0.3953488372093023,0.0,0.0,0.0,0.0,0.0,3.0,1.0,0.0,0.0,0.0,0.0,5.0,2.0,2.0,2.0,4.0,32.0,32.0,5.0,9.2,12.333333333333334,4.5,0.0,0.0,0.0,0.0,0.0,0.0,107.0,0.07476635514018691,0.9252336448598131,0.0,0.125,1.0,0.0,0.0,1.0,50.0,0.0,0.0,100.0,0.0,0.0,100.0,0.0,1.0,1.0,0.0,286.0,0.0,0.0,0.0,3.0,12515107,1.0
,https://www.inbitech.org/TU17HLK/index.php?FGDD=1,,,,,,,,,,,,,,,,,,,,,,,,,,,,,,,,,,,,,,,,,,,,,,,,,,,,,,,,,,,,,,,,,,,,,,,,,,,,,,,,,,
,https://propertyinaustralia.github.io/propertyinaustralia/property.html,71.0,29.0,0.0,3.0,0.0,0.0,0.0,0.0,0.0,0.0,0.0,0.0,0.0,4.0,0.0,1.0,0.0,0.0,0.0,0.0,0.0,0.0,0.0,0.0,0.0,0.0,0.0,0.0,0.0,0.0,0.0,0.0,3.0,0.0,0.0,0.0,0.0,0.0,5.0,0.0,4.0,6.0,4.0,19.0,19.0,19.0,11.2,12.5,10.333333333333334,0.0,0.0,0.0,0.0,0.0,0.0,0.0,0.0,0.0,0.0,0.0,0.0,0.0,0.0,0.0,0.0,0.0,0.0,0.0,0.0,0.0,0.0,1.0,1.0,0.0,0.0,118.0,0.0,0.0,0.0,5.0,55081,0.0
,https://m-atamaskk-wallat.gitbook.io/us,39.0,28.0,0.0,2.0,2.0,0.0,0.0,0.0,0.0,0.0,0.0,0.0,0.0,3.0,0.0,1.0,0.0,0.0,0.0,0.0,0.0,0.0,0.0,0.0,0.0,0.0,0.0,0.0,0.0,0.0,0.0,0.0,2.0,0.0,0.0,0.0,0.0,0.0,5.0,3.0,1.0,1.0,2.0,8.0,8.0,2.0,4.8,5.5,2.0,0.0,0.0,0.0,0.0,0.0,0.0,62.0,0.9516129032258065,0.04838709677419355,0.0,1.0,0.3333333333333333,0.6666666666666666,0.0,1.0,97.14285714285714,0.0,0.0,0.0,0.0,0.0,0.0,0.0,1.0,0.0,0.0,140.0,0.0,0.0,0.0,5.0,360558,0.0
,https://mlsqklqkl.vercel.app/,29.0,20.0,0.0,2.0,0.0,0.0,0.0,0.0,0.0,0.0,0.0,0.0,0.0,3.0,0.0,1.0,0.0,0.0,0.0,0.0,0.0,0.0,0.0,0.0,0.0,0.0,0.0,0.0,0.0,0.0,0.0,0.0,2.0,0.0,0.0,0.0,0.0,0.0,2.0,0.0,6.0,6.0,0.0,9.0,9.0,0.0,7.5,7.5,0.0,0.0,0.0,0.0,0.0,0.0,0.0,18.0,0.6666666666666666,0.3333333333333333,2.0,1.0,1.0,0.0,0.0,1.0,60.0,0.0,100.0,0.0,0.0,0.0,100.0,0.0,1.0,1.0,0.0,79.0,0.0,0.0,0.0,5.0,366275,0.0
,https://iamirayman.github.io/facebook/,38.0,20.0,0.0,2.0,0.0,0.0,0.0,0.0,0.0,0.0,0.0,0.0,0.0,4.0,0.0,1.0,0.0,0.0,0.0,0.0,0.0,0.0,0.0,0.0,0.0,0.0,0.0,0.0,0.0,0.0,0.0,0.0,2.0,0.0,0.0,0.0,0.0,0.0,3.0,1.0,6.0,6.0,8.0,10.0,10.0,8.0,8.0,8.0,8.0,0.0,0.0,0.0,0.0,0.0,0.0,10.0,0.7,0.3,0.0,0.0,1.0,0.0,0.0,1.0,50.0,0.0,100.0,0.0,0.0,0.0,100.0,0.0,1.0,0.0,0.0,118.0,0.0,0.0,0.0,5.0,55081,0.0
,https://kirankumarsingh18.github.io/Netflix-WatchMoviesShowsOnline/,67.0,27.0,0.0,2.0,1.0,0.0,0.0,0.0,0.0,0.0,0.0,0.0,0.0,4.0,0.0,1.0,0.0,0.0,0.0,0.0,0.0,0.0,0.0,0.0,0.0,2.0,0.07407407407407407,0.0,0.0,0.0,0.0,0.0,2.0,1.0,0.0,0.0,0.0,0.0,4.0,1.0,6.0,6.0,7.0,22.0,17.0,22.0,13.0,11.5,14.5,0.0,0.0,0.0,0.0,0.0,0.0,34.0,0.9117647058823529,0.08823529411764706,1.0,1.0,1.0,0.0,0.0,1.0,66.66666666666666,0.0,100.0,0.0,0.0,0.0,100.0,0.0,1.0,0.0,0.0,118.0,0.0,0.0,0.0,5.0,55081,0.0
,https://vishubunny.github.io/NetflixClone/,42.0,20.0,0.0,2.0,0.0,0.0,0.0,0.0,0.0,0.0,0.0,0.0,0.0,4.0,0.0,1.0,0.0,0.0,0.0,0.0,0.0,0.0,0.0,0.0,0.0,0.0,0.0,0.0,0.0,0.0,0.0,0.0,2.0,0.0,0.0,0.0,0.0,0.0,3.0,1.0,6.0,6.0,12.0,12.0,10.0,12.0,9.333333333333334,8.0,12.0,0.0,0.0,0.0,0.0,0.0,0.0,22.0,0.7727272727272727,0.22727272727272727,0.0,1.0,0.8,0.2,0.0,0.0,100.0,0.0,20.0,80.0,0.0,0.0,50.0,0.0,1.0,0.0,0.0,118.0,0.0,0.0,0.0,5.0,55081,0.0
,https://shahbazni.github.io/page-apply-verified-badge/,54.0,19.0,0.0,2.0,3.0,0.0,0.0,0.0,0.0,0.0,0.0,0.0,0.0,4.0,0.0,1.0,0.0,0.0,0.0,0.0,0.0,0.0,0.0,0.0,0.0,0.0,0.0,0.0,0.0,0.0,0.0,0.0,2.0,0.0,0.0,0.0,0.0,0.0,6.0,1.0,4.0,6.0,4.0,9.0,9.0,8.0,6.166666666666667,7.5,5.5,0.0,0.0,0.0,0.0,0.0,0.0,10.0,0.4,0.6,1.0,0.0,1.0,0.0,0.0,1.0,0.0,0.0,100.0,0.0,0.0,0.0,100.0,0.0,1.0,0.0,0.0,118.0,0.0,0.0,0.0,5.0,55081,0.0
,https://soundar-2704.github.io/kalaiNetflix/,44.0,22.0,0.0,2.0,1.0,0.0,0.0,0.0,0.0,0.0,0.0,0.0,0.0,4.0,0.0,1.0,0.0,0.0,0.0,0.0,0.0,0.0,0.0,0.0,0.0,4.0,0.18181818181818182,0.0,0.0,0.0,0.0,0.0,2.0,1.0,0.0,0.0,0.0,0.0,4.0,0.0,4.0,4.0,12.0,12.0,7.0,12.0,7.25,5.666666666666667,12.0,0.0,0.0,0.0,0.0,0.0,0.0,54.0,0.6481481481481481,0.35185185185185186,2.0,1.0,1.0,0.0,0.0,1.0,60.0,0.0,100.0,0.0,0.0,0.0,7.142857142857142,0.0,1.0,0.0,0.0,118.0,0.0,0.0,0.0,5.0,55081,0.0
